chembl_id,drug_name,mechanism_of_action,action_type,target_chembl_id,target_name,target_type,binding_site,direct_interaction,molecular_mechanism,disease_efficacy,mechanism_comment,selectivity_comment,references
CHEMBL3,NICOTINE,Neuronal acetylcholine receptor; alpha4/beta2 agonist,AGONIST,CHEMBL1907589,Neuronal acetylcholine receptor; alpha4/beta2,PROTEIN COMPLEX,,1,1,1,,,11006350; 16636791; 16754836; 17146052; 17226798; 17360707; 17590520; 17613539; 19560048; 20081230; 20400469
CHEMBL4,OFLOXACIN,Bacterial DNA gyrase inhibitor,INHIBITOR,CHEMBL2311224,Bacterial DNA gyrase,PROTEIN COMPLEX,,1,1,1,,,setid=81e8ece1-ab0b-4deb-8f84-79f21419b328
CHEMBL5,NALIDIXIC ACID,Bacterial DNA gyrase inhibitor,INHIBITOR,CHEMBL2311224,Bacterial DNA gyrase,PROTEIN COMPLEX,,1,1,1,,,label/2012/014214s060lbl.pdf
CHEMBL6,INDOMETHACIN,Cyclooxygenase inhibitor,INHIBITOR,CHEMBL2094253,Cyclooxygenase,PROTEIN FAMILY,,1,1,1,,,"""label/2007/016059s097,017814s040,018332s030lbl.pdf; 9780702034718 PP. 319-320"""
CHEMBL8,CIPROFLOXACIN,Bacterial DNA gyrase inhibitor,INHIBITOR,CHEMBL2311224,Bacterial DNA gyrase,PROTEIN COMPLEX,,1,1,1,,,label/2009/021918lbl.pdf
CHEMBL8,CIPROFLOXACIN,Topoisomerase IV inhibitor,INHIBITOR,CHEMBL2363076,Topoisomerase IV,PROTEIN COMPLEX,,1,1,1,,,label/2019/021473s040lbl.pdf
CHEMBL9,NORFLOXACIN,Topoisomerase IV inhibitor,INHIBITOR,CHEMBL2363076,Topoisomerase IV,PROTEIN COMPLEX,,1,1,1,,Broad spectrum,label/2013/019384s066lbl.pdf
CHEMBL9,NORFLOXACIN,Bacterial DNA gyrase inhibitor,INHIBITOR,CHEMBL2311224,Bacterial DNA gyrase,PROTEIN COMPLEX,,1,1,1,,,label/2013/019384s066lbl.pdf
CHEMBL405,AMPHETAMINE,Dopamine transporter releasing agent,RELEASING AGENT,CHEMBL238,Sodium-dependent dopamine transporter,SINGLE PROTEIN,,1,1,1,,,D07445; 15602501; 15795321
CHEMBL405,AMPHETAMINE,Norepinephrine transporter releasing agent,RELEASING AGENT,CHEMBL222,Sodium-dependent noradrenaline transporter,SINGLE PROTEIN,,1,1,1,,,D07445
CHEMBL6622,ISOSORBIDE DINITRATE,Soluble guanylate cyclase activator,ACTIVATOR,CHEMBL2111348,Soluble guanylate cyclase,PROTEIN COMPLEX GROUP,"""Heterodimer, beta (1 or 2) is binding site""",1,1,1,,,setid=7ec5ba03-6164-4199-a333-7cd8d7c75e17; Isosorbide_dinitrate; Nitric_oxide; Nitrovasodilator; Soluble_guanylyl_cyclase
CHEMBL406,INDAPAMIDE,Thiazide-sensitive sodium-chloride cotransporter inhibitor,INHIBITOR,CHEMBL1876,Solute carrier family 12 member 3,SINGLE PROTEIN,,1,1,1,,,anda/98/75-105_Indapamide_prntlbl.pdf; 9780702034718  PP. 354; Indapamide; Thiazide-Like
CHEMBL407,FLUMAZENIL,GABA-A receptor; anion channel allosteric antagonist,ALLOSTERIC ANTAGONIST,CHEMBL2093872,GABA-A receptor; anion channel,PROTEIN COMPLEX GROUP,Benzodiazepine site,1,1,1,Antagonist at benzodiazepine site to treat overdose,,label/2007/020073s016lbl.pdf
CHEMBL408,TROGLITAZONE,Peroxisome proliferator-activated receptor gamma agonist,AGONIST,CHEMBL235,Peroxisome proliferator-activated receptor gamma,SINGLE PROTEIN,,1,1,1,,,23388479; Troglitazone
CHEMBL409,BICALUTAMIDE,Androgen Receptor antagonist,ANTAGONIST,CHEMBL1871,Androgen receptor,SINGLE PROTEIN,,1,1,1,,,setid=7c295b64-ec39-42ec-9f02-da5b42e775e1#section-12
CHEMBL12,DIAZEPAM,GABA-A receptor; anion channel positive allosteric modulator,POSITIVE ALLOSTERIC MODULATOR,CHEMBL2093872,GABA-A receptor; anion channel,PROTEIN COMPLEX GROUP,Benzodiazepine site,1,1,1,,,15926867; 2886589; Benzodiazepine; Diazepam
CHEMBL411,DIETHYLSTILBESTROL,Estrogen receptor alpha agonist,AGONIST,CHEMBL206,Estrogen receptor,SINGLE PROTEIN,,1,1,1,,,22682699
CHEMBL14,CARBACHOL,Muscarinic acetylcholine receptor M3 agonist,AGONIST,CHEMBL245,Muscarinic acetylcholine receptor M3,SINGLE PROTEIN,,1,1,1,"""Indicated for miosis, M3 likely involved (main form in iris)""",,9780702034718 PP. 153; 12628451; 7065943; Carbachol
CHEMBL16,PHENYTOIN,Sodium channel alpha subunit blocker,BLOCKER,CHEMBL2331043,Sodium channel alpha subunit,PROTEIN FAMILY,,1,1,1,,,"""label/2016/008762s055,010151s042lbl.pdf; 15208697; 23205958"""
CHEMBL413,SIROLIMUS,FK506-binding protein 1A inhibitor,INHIBITOR,CHEMBL1902,Peptidyl-prolyl cis-trans isomerase FKBP1A,SINGLE PROTEIN,,1,1,1,,,setid=3275b824-3f82-4151-2ab2-0036a9ba0acc#section-14
CHEMBL416,METHOXSALEN,DNA inhibitor,INHIBITOR,CHEMBL2311221,DNA,NUCLEIC-ACID,,1,1,1,,,setid=a4c61db9-b72d-4b67-b69b-a97257b614ad
CHEMBL17,DICHLORPHENAMIDE,Carbonic anhydrase I inhibitor,INHIBITOR,CHEMBL261,Carbonic anhydrase 1,SINGLE PROTEIN,,1,1,1,,,18336310
CHEMBL17,DICHLORPHENAMIDE,Carbonic anhydrase II inhibitor,INHIBITOR,CHEMBL205,Carbonic anhydrase 2,SINGLE PROTEIN,,1,1,1,,,18336310
CHEMBL17,DICHLORPHENAMIDE,Carbonic anhydrase XII inhibitor,INHIBITOR,CHEMBL3242,Carbonic anhydrase 12,SINGLE PROTEIN,,1,1,1,,,18336310
CHEMBL17,DICHLORPHENAMIDE,Carbonic anhydrase IV inhibitor,INHIBITOR,CHEMBL3729,Carbonic anhydrase 4,SINGLE PROTEIN,,1,1,1,,,18336310
CHEMBL18,ETHOXZOLAMIDE,Carbonic anhydrase inhibitor,INHIBITOR,CHEMBL2095180,Carbonic anhydrase,PROTEIN FAMILY,,1,1,1,,,18359629
CHEMBL19,METHAZOLAMIDE,Carbonic anhydrase VII inhibitor,INHIBITOR,CHEMBL2326,Carbonic anhydrase 7,SINGLE PROTEIN,,1,1,1,,,setid=8e162b6d-8fa6-45f6-80d8-5132d94c1207; 18336310
CHEMBL19,METHAZOLAMIDE,Carbonic anhydrase I inhibitor,INHIBITOR,CHEMBL261,Carbonic anhydrase 1,SINGLE PROTEIN,,1,1,1,,,setid=8e162b6d-8fa6-45f6-80d8-5132d94c1207; 18336310
CHEMBL19,METHAZOLAMIDE,Carbonic anhydrase II inhibitor,INHIBITOR,CHEMBL205,Carbonic anhydrase 2,SINGLE PROTEIN,,1,1,1,,,setid=8e162b6d-8fa6-45f6-80d8-5132d94c1207; 18336310
CHEMBL19,METHAZOLAMIDE,Carbonic anhydrase IV inhibitor,INHIBITOR,CHEMBL3729,Carbonic anhydrase 4,SINGLE PROTEIN,,1,1,1,,,setid=8e162b6d-8fa6-45f6-80d8-5132d94c1207; 18336310
CHEMBL20,ACETAZOLAMIDE,Carbonic anhydrase I inhibitor,INHIBITOR,CHEMBL261,Carbonic anhydrase 1,SINGLE PROTEIN,,1,1,1,Expressed in eye,,10713865; 18336310
CHEMBL20,ACETAZOLAMIDE,Carbonic anhydrase II inhibitor,INHIBITOR,CHEMBL205,Carbonic anhydrase 2,SINGLE PROTEIN,,1,1,1,Expressed in eye,,20605094
CHEMBL20,ACETAZOLAMIDE,Carbonic anhydrase XII inhibitor,INHIBITOR,CHEMBL3242,Carbonic anhydrase 12,SINGLE PROTEIN,,1,1,1,Expressed in eye,,18336310
CHEMBL20,ACETAZOLAMIDE,Carbonic anhydrase IV inhibitor,INHIBITOR,CHEMBL3729,Carbonic anhydrase 4,SINGLE PROTEIN,,1,1,1,Expressed in eye,,18336310
CHEMBL21,SULFANILAMIDE,Bacterial dihydropteroate synthase inhibitor,INHIBITOR,CHEMBL2364668,Dihydropteroate synthase,SINGLE PROTEIN,,1,1,1,,Broad spectrum,16487326; 16997145; 9127492
CHEMBL22,TRIMETHOPRIM,Bacterial dihydrofolate reductase inhibitor,INHIBITOR,CHEMBL2364669,Dihydrofolate reductase,SINGLE PROTEIN,,1,1,1,,Broad spectrum,setid=a4e9183f-d0eb-4ba7-9204-760b1fd62010
CHEMBL421,SULFASALAZINE,Arachidonate 5-lipoxygenase inhibitor,INHIBITOR,CHEMBL215,Polyunsaturated fatty acid 5-lipoxygenase,SINGLE PROTEIN,,1,1,1,,,2882965; 6131674; 6428914
CHEMBL421,SULFASALAZINE,Cyclooxygenase inhibitor,INHIBITOR,CHEMBL2094253,Cyclooxygenase,PROTEIN FAMILY,,1,1,1,,,12463455; 12950415; 14742690; 16855178
CHEMBL6466,COUMARIN,Unknown,,,,,,1,1,1,Coumarin induces proteolysis of high-molecular-weight proteins present in lymphedema. Small-size protein fragments can then be more easily drained via the lymphatics. The oncotic pressure drops and edema lessens.,,http://www.sciencedirect.com/topics/neuroscience/coumarins; 20024932; 24561300; 25553437
CHEMBL24,ATENOLOL,Beta-1 adrenergic receptor antagonist,ANTAGONIST,CHEMBL213,Beta-1 adrenergic receptor,SINGLE PROTEIN,,1,1,1,,,setid=f36d4ed3-dcbb-4465-9fa6-1da811f555e6
CHEMBL25,ASPIRIN,Cyclooxygenase inhibitor,INHIBITOR,CHEMBL2094253,Cyclooxygenase,PROTEIN FAMILY,,1,1,1,,,17131625; 17258197; Aspirin#Mechanism_of_action
CHEMBL6995,PRACTOLOL,Beta-1 adrenergic receptor inhibitor,INHIBITOR,CHEMBL213,Beta-1 adrenergic receptor,SINGLE PROTEIN,,1,1,1,,,4827464; 759198
CHEMBL427,MECHLORETHAMINE,DNA inhibitor,INHIBITOR,CHEMBL2311221,DNA,NUCLEIC-ACID,,1,1,1,Alkylating agent,,label/2020/202317s009lbl.pdf
CHEMBL428,TROVAFLOXACIN,Topoisomerase IV inhibitor,INHIBITOR,CHEMBL2363076,Topoisomerase IV,PROTEIN COMPLEX,,1,1,1,,,9222064
CHEMBL428,TROVAFLOXACIN,Bacterial DNA gyrase inhibitor,INHIBITOR,CHEMBL2311224,Bacterial DNA gyrase,PROTEIN COMPLEX,,1,1,1,,,9222064
CHEMBL30,CIMETIDINE,Histamine H2 receptor antagonist,ANTAGONIST,CHEMBL1941,Histamine H2 receptor,SINGLE PROTEIN,,1,1,1,,,9780702034718 PP. 211
CHEMBL31,GATIFLOXACIN,DNA gyrase inhibitor,INHIBITOR,CHEMBL2311225,DNA gyrase,PROTEIN COMPLEX,,1,1,1,,,label/2015/021493s010lbl.pdf
CHEMBL31,GATIFLOXACIN,Topoisomerase IV inhibitor,INHIBITOR,CHEMBL2363033,Topoisomerase IV,PROTEIN COMPLEX,,1,1,1,,,label/2015/021493s010lbl.pdf
CHEMBL433,VALPROATE SODIUM,Succinate semialdehyde dehydrogenase inhibitor,INHIBITOR,CHEMBL1911,"Succinate-semialdehyde dehydrogenase, mitochondrial",SINGLE PROTEIN,,1,1,1,,,10812195
CHEMBL435,HYDROCHLOROTHIAZIDE,Thiazide-sensitive sodium-chloride cotransporter inhibitor,INHIBITOR,CHEMBL1876,Solute carrier family 12 member 3,SINGLE PROTEIN,,1,1,1,,,10.1056/NEJMra0907219; label/2015/020125s020lbl.pdf; Diuretic; Hydrochlorothiazide
CHEMBL35,FUROSEMIDE,Sodium-(potassium)-chloride cotransporter 2 inhibitor,INHIBITOR,CHEMBL1874,Solute carrier family 12 member 1,SINGLE PROTEIN,,1,1,1,,,setid=c794c95a-654e-48fe-9596-201fc122ff75; 10.1056/NEJMra0907219; Furosemide; Loop_diuretic
CHEMBL36,PYRIMETHAMINE,Dihydrofolate reductase inhibitor,INHIBITOR,CHEMBL1939,Bifunctional dihydrofolate reductase-thymidylate synthase,SINGLE PROTEIN,,1,1,1,,,setid=3e4d5027-7939-480f-ae19-82e764d9fa97; Pyrimethamine
CHEMBL436,TOLRESTAT,Aldose reductase inhibitor,INHIBITOR,CHEMBL1900,Aldo-keto reductase family 1 member B1,SINGLE PROTEIN,PDBe: 2fzd,1,1,1,"""It reduces the flux of glucose through the polyol pathway, inhibiting tissue accumulation of sorbitol and fructose and preventing reduction of redox potentials.""","""Tolrestat inhibited in dose-dependent fashion the aldose reductase from bovine lenses (IC50, 3.5 X 10(-8) mol/L) and the formation of sorbitol in human red blood cells incubated with glucose (IC50, 3 X 10(-8) mol/L)""",12604217; 16952371; 26349493; 3930915
CHEMBL437,SULFATHIAZOLE,Bacterial dihydropteroate synthase inhibitor,INHIBITOR,CHEMBL2364668,Dihydropteroate synthase,SINGLE PROTEIN,,1,1,1,,,14700578
CHEMBL438,SULFAMERAZINE,Bacterial dihydropteroate synthase inhibitor,INHIBITOR,CHEMBL2364668,Dihydropteroate synthase,SINGLE PROTEIN,,1,1,1,,Broad spectrum,21084778; 4577373; 7486915
CHEMBL439,SULFADIAZINE,Bacterial dihydropteroate synthase inhibitor,INHIBITOR,CHEMBL2364668,Dihydropteroate synthase,SINGLE PROTEIN,,1,1,1,,Broad spectrum,15673759; 9127492
CHEMBL268164,CYCLOBARBITAL,Unknown,,,,,,1,1,1,,,6122710; 989475
CHEMBL38,TRETINOIN,Retinoic acid receptor agonist,AGONIST,CHEMBL2363069,Retinoic acid receptor,PROTEIN FAMILY,,1,1,1,,,setid=b6b45969-a64a-4ce3-b3b6-157d2568a301
CHEMBL443,SULFAMETHOXAZOLE,Bacterial dihydropteroate synthase inhibitor,INHIBITOR,CHEMBL2364668,Dihydropteroate synthase,SINGLE PROTEIN,,1,1,1,,Broad spectrum,7486915
CHEMBL42,CLOZAPINE,Serotonin 2a (5-HT2a) receptor antagonist,ANTAGONIST,CHEMBL224,5-hydroxytryptamine receptor 2A,SINGLE PROTEIN,,1,1,1,,,setid=53bdb79c-c4cf-4818-b1f0-225e67a14536#nlm34090-1; 0443059748; 17015232; Clozapine
CHEMBL42,CLOZAPINE,Dopamine D2 receptor antagonist,ANTAGONIST,CHEMBL217,D(2) dopamine receptor,SINGLE PROTEIN,,1,1,1,,,setid=53bdb79c-c4cf-4818-b1f0-225e67a14536#nlm34090-1; 0443059748; 17015232; Clozapine
CHEMBL446,SULFAMETHAZINE,Bacterial dihydropteroate synthase inhibitor,INHIBITOR,CHEMBL2364668,Dihydropteroate synthase,SINGLE PROTEIN,,1,1,1,,Broad spectrum,0-86577-843-4 PP. 272; 21084778; 23634030; 4577373; 7486915
CHEMBL448,PENTOBARBITAL,GABA-A receptor; anion channel positive allosteric modulator,POSITIVE ALLOSTERIC MODULATOR,CHEMBL2093872,GABA-A receptor; anion channel,PROTEIN COMPLEX GROUP,Barbiturate site,1,1,1,,,11264449; 23205959; 8961191
CHEMBL267894,AMOBARBITAL,Unknown,,,,,,1,1,1,"""The mechanisms by which sodium amobarbital reduces both pain and sensory abnormalities are unknown. Possibly more than one mechanisms account for the observed effects. Sodium amobarbital has been shown to produce a reversible depression of the central nervous system (CNS), may exert a euphoric effect, and preferentially suppresses polysynaptic responses both at the level of the spinal cord and subcortical and cortical levels. On the peripheral nervous system, sodium amobarbital selectively depresses transmission through autonomic ganglia and reduction of choline esters nicotinic excitation. The inhibitory effects of sodium amobarbital have been reported to occur at the gamma-aminobutyric acid (GABA) sites, and at the NMDA (n-methyl d-aspartate) receptor as a non-competitive receptor antagonist. In general, sodium amobarbital enhances GABA-A inhibition in multiple peripheral and central nervous system sites and also exerts noncompetitive antagonistic effects on AMPA (alpha-amino-3-hydroxy-5-methyl-4-isoxazolepropionic acid) receptors, as well as kainate and NMDA receptors. It is possible that the noncompetitive NMDAreceptor antagonistic action of sodium amobarbital may be responsible for the substantial alteration of cutaneous (centrally mediated) hyperesthesia. (PMID: 19264049 )""",,13346387; 14059413; 19264049; 21077573; 9106811
CHEMBL450,METHARBITAL,GABA-A receptor; anion channel positive allosteric modulator,POSITIVE ALLOSTERIC MODULATOR,CHEMBL2093872,GABA-A receptor; anion channel,PROTEIN COMPLEX GROUP,Barbiturate site,1,1,1,,,10209232; 11264449; 6266847
CHEMBL451,CHLORDIAZEPOXIDE,GABA-A receptor; anion channel positive allosteric modulator,POSITIVE ALLOSTERIC MODULATOR,CHEMBL2093872,GABA-A receptor; anion channel,PROTEIN COMPLEX GROUP,Benzodiazepine site,1,1,1,,,6135616; Chlordiazepoxide
CHEMBL452,CLONAZEPAM,GABA-A receptor; anion channel positive allosteric modulator,POSITIVE ALLOSTERIC MODULATOR,CHEMBL2093872,GABA-A receptor; anion channel,PROTEIN COMPLEX GROUP,Benzodiazepine site,1,1,1,,,18384456; 3034628; 6135616; Clonazepam#Mechanism_of_action
CHEMBL453,SULFISOXAZOLE,Bacterial dihydropteroate synthase inhibitor,INHIBITOR,CHEMBL2364668,Dihydropteroate synthase,SINGLE PROTEIN,,1,1,1,,Broad spectrum,7486915
CHEMBL268869,SULFAMETHOXYPYRIDAZINE,Bacterial dihydropteroate synthase inhibitor,INHIBITOR,CHEMBL2364668,Dihydropteroate synthase,SINGLE PROTEIN,,1,1,1,"""It acts as competitive inhibitor of dihydropteroate synthase, an enzyme that uses PABA as a substrate for the synthesis of folic acid.""",,13521763; 13615757; 7486915
CHEMBL454,BUTALBITAL,GABA-A receptor; anion channel positive allosteric modulator,POSITIVE ALLOSTERIC MODULATOR,CHEMBL2093872,GABA-A receptor; anion channel,PROTEIN COMPLEX GROUP,Barbiturate site,1,1,1,,,10209232; 11264449
CHEMBL455,SULFACETAMIDE,Bacterial dihydropteroate synthase inhibitor,INHIBITOR,CHEMBL2364668,Dihydropteroate synthase,SINGLE PROTEIN,,1,1,1,,Broad spectrum,D05947; 13873645; 14700578
CHEMBL43,AMSACRINE,DNA topoisomerase II inhibitor,INHIBITOR,CHEMBL2094255,DNA topoisomerase II,PROTEIN FAMILY,,1,1,1,"""Amsacrine may intercalate into DNA and inhibit topoisomerase II, resulting in DNA double-strand breaks, arrest of the S/G2 phase of the cell cycle, and cell death. This agent's cytotoxicity is maximal during the S phase of the cell cycle when topoisomerase levels are greatest. In addition, amsacrine may induce transcription of tumor promoter p53 protein and block p53 ubiquitination and proteasomal degradation, resulting in p53-dependent tumor cell apoptosis.""",,1317259; 15148258; 22304499; 23922861; 7971998
CHEMBL456,ETHACRYNIC ACID,Sodium-(potassium)-chloride cotransporter 2 inhibitor,INHIBITOR,CHEMBL1874,Solute carrier family 12 member 1,SINGLE PROTEIN,,1,1,1,,,10.1056/NEJMra0907219
CHEMBL267744,TICRYNAFEN,Unknown,,,,,,1,1,1,Uricosuric diuretic action,,22462724; 6267447
CHEMBL457,GEMFIBROZIL,Peroxisome proliferator-activated receptor alpha agonist,AGONIST,CHEMBL239,Peroxisome proliferator-activated receptor alpha,SINGLE PROTEIN,,1,1,1,,,setid=16a775ec-47e7-491f-8c48-319ce43dcd3b; Fibrates; Gemfibrozil
CHEMBL45,MELATONIN,Melatonin receptor agonist,AGONIST,CHEMBL2094268,Melatonin receptor,PROTEIN FAMILY,,1,1,1,Sleep promoting activity.,"""Active at the MT1, MT2 and MT3 receptors but the MT1 and MT2 are thought to be most relevant to the mechanism of action.""",https://www.ema.europa.eu/en/documents/product-information/circadin-epar-product-information_en.pdf
CHEMBL46,ONDANSETRON,Serotonin 3a (5-HT3a) receptor antagonist,ANTAGONIST,CHEMBL1899,5-hydroxytryptamine receptor 3A,SINGLE PROTEIN,,1,1,1,,Selective,setid=bb4bc810-db26-471b-9ce7-6e2fb3018af0
CHEMBL459,METHYLDOPA,Adrenergic receptor alpha-2 agonist,AGONIST,CHEMBL2095158,Adrenergic receptor alpha-2,PROTEIN FAMILY,,1,1,1,,,label/2004/13400s086lbl.pdf; 2841084
CHEMBL54,HALOPERIDOL,Serotonin 2a (5-HT2a) receptor antagonist,ANTAGONIST,CHEMBL224,5-hydroxytryptamine receptor 2A,SINGLE PROTEIN,,1,1,1,,,0443059748; 17015232; Haloperidol
CHEMBL54,HALOPERIDOL,D2-like dopamine receptor inverse agonist,INVERSE AGONIST,CHEMBL2331075,D2-like dopamine receptor,PROTEIN FAMILY,,1,1,1,,,0443059748; 17015232; Haloperidol
CHEMBL464,ETRETINATE,Retinoid receptor agonist,AGONIST,CHEMBL2363071,Retinoid receptor,PROTEIN FAMILY,,1,1,1,Precise mechanism uncertain. RARG/RXRA are predominant forms in skin,,9074840; 9298126
CHEMBL57,NEVIRAPINE,Human immunodeficiency virus type 1 reverse transcriptase inhibitor,INHIBITOR,CHEMBL247,Human immunodeficiency virus type 1 reverse transcriptase,SINGLE PROTEIN,,1,1,1,,,setid=8dfe86aa-ea5d-48d2-94a8-1a5506055d70
CHEMBL465,DRONABINOL,Cannabinoid CB1 receptor agonist,AGONIST,CHEMBL218,Cannabinoid receptor 1,SINGLE PROTEIN,,1,1,1,CB1 mediates the effect in appetite stimulation,,setid=68b4168b-5782-4e68-a25a-5b4e4408dbce#nlm34090-1; 16570099
CHEMBL467,HYDROXYUREA,Ribonucleoside-diphosphate reductase RR1 inhibitor,INHIBITOR,CHEMBL2095215,Ribonucleoside-diphosphate reductase RR1,PROTEIN COMPLEX GROUP,M2 subunit is binding site,1,1,1,,,setid=740e054b-faac-7c27-f06d-a56efb699355; 23115527
CHEMBL61,PODOFILOX,Unknown,,,,,,1,1,1,"""Microtubule inhibitor, but this is likely not the mode of action against HPV""",,9562603
CHEMBL64,ISONIAZID,Enoyl-[acyl-carrier-protein] reductase inhibitor,INHIBITOR,CHEMBL1849,Enoyl-[acyl-carrier-protein] reductase [NADH],SINGLE PROTEIN,,1,1,1,,,15273113
CHEMBL468,THALIDOMIDE,CRL4(CRBN) E3 ubiquitin ligase inhibitor,INHIBITOR,CHEMBL3833061,CRL4(CRBN) E3 ubiquitin ligase,PROTEIN COMPLEX,Cereblon,1,1,1,,,22552008; 25043012
CHEMBL472,GLYBURIDE,"""Sulfonylurea receptor 1, Kir6.2 blocker""",BLOCKER,CHEMBL2096972,"Sulfonylurea receptor 1, Kir6.2",PROTEIN COMPLEX,,1,1,1,,,label/2015/020051s021lbl.pdf; Glyburide#Mechanism_of_action
CHEMBL473,DOFETILIDE,HERG blocker,BLOCKER,CHEMBL240,Voltage-gated inwardly rectifying potassium channel KCNH2,SINGLE PROTEIN,,1,1,1,,,setid=02438044-d6a3-49e9-a1ac-3aad21ef2c8c; Herg
CHEMBL476,DACARBAZINE,DNA inhibitor,INHIBITOR,CHEMBL2311221,DNA,NUCLEIC-ACID,,1,1,1,,,setid=b6b97e41-5f15-498c-abfb-d8443ea4d216
CHEMBL477,ADENOSINE,Adenosine receptor agonist,AGONIST,CHEMBL2111329,Adenosine receptor,PROTEIN FAMILY,,1,1,1,,,label/2011/019937s026lbl.pdf; 9780702034718 PP. 204
CHEMBL479,THIORIDAZINE,Serotonin 2a (5-HT2a) receptor antagonist,ANTAGONIST,CHEMBL224,5-hydroxytryptamine receptor 2A,SINGLE PROTEIN,,1,1,1,,,archiveid=143101; 0443-059748 PP. 542
CHEMBL479,THIORIDAZINE,Serotonin 2c (5-HT2c) receptor antagonist,ANTAGONIST,CHEMBL225,5-hydroxytryptamine receptor 2C,SINGLE PROTEIN,,1,1,1,,,archiveid=143101; 0443-059748 PP. 542
CHEMBL479,THIORIDAZINE,D2-like dopamine receptor antagonist,ANTAGONIST,CHEMBL2331075,D2-like dopamine receptor,PROTEIN FAMILY,,1,1,1,,,archiveid=143101; 0443-059748 PP. 542
CHEMBL480,LANSOPRAZOLE,Potassium-transporting ATPase inhibitor,INHIBITOR,CHEMBL2095173,Potassium-transporting ATPase,PROTEIN COMPLEX,Alpha subunit is likely binding site,1,1,1,,,setid=82174fcc-1b0f-2068-7fc4-db335b43b5e2#nlm34090-1; 14699149; 23350044
CHEMBL71,CHLORPROMAZINE,Serotonin 2a (5-HT2a) receptor antagonist,ANTAGONIST,CHEMBL224,5-hydroxytryptamine receptor 2A,SINGLE PROTEIN,,1,1,1,,,0443059748; 17015232; Chlorpromazine
CHEMBL71,CHLORPROMAZINE,D2-like dopamine receptor antagonist,ANTAGONIST,CHEMBL2331075,D2-like dopamine receptor,PROTEIN FAMILY,,1,1,1,,,0443059748; 17015232; Chlorpromazine
CHEMBL488,AMINOGLUTETHIMIDE,Cytochrome P450 19A1 inhibitor,INHIBITOR,CHEMBL1978,Aromatase,SINGLE PROTEIN,,1,1,1,,,label/2003/018202s021lbl.pdf
CHEMBL488,AMINOGLUTETHIMIDE,Cytochrome P450 11A1 inhibitor,INHIBITOR,CHEMBL2033,"Cholesterol side-chain cleavage enzyme, mitochondrial",SINGLE PROTEIN,,1,1,1,,,label/2003/018202s021lbl.pdf
CHEMBL74,CROMOLYN SODIUM,Unknown,,,,,,1,1,1,,,anda/2000/75-271_Cromolyn%20Sodium_prntlbl.pdf
CHEMBL416146,ETORICOXIB,Cyclooxygenase-2 inhibitor,INHIBITOR,CHEMBL230,Prostaglandin G/H synthase 2,SINGLE PROTEIN,,1,1,1,,Selectively inhibits COX-2 (IC(50) = 1.1 +/- 0.1microM) compared with COX-1 IC(50)=116 +/- 8 microM.,11160644
CHEMBL79,LIDOCAINE,Sodium channel alpha subunit blocker,BLOCKER,CHEMBL2331043,Sodium channel alpha subunit,PROTEIN FAMILY,,1,1,1,,,19088384; 20585544
CHEMBL81,RALOXIFENE,Estrogen receptor modulator,MODULATOR,CHEMBL206,Estrogen receptor,SINGLE PROTEIN,,1,1,1,,,setid=fcaaa6dc-74e8-4fb8-800c-5574bf0f8de9
CHEMBL494,ILOPROST,Prostanoid IP receptor agonist,AGONIST,CHEMBL1995,Prostacyclin receptor,SINGLE PROTEIN,,1,1,1,,,setid=d3bebc1c-f032-402a-bbc9-aff024276ed1#nlm34090-1; 0443-059748 PP. 216
CHEMBL85,RISPERIDONE,Serotonin 2a (5-HT2a) receptor antagonist,ANTAGONIST,CHEMBL224,5-hydroxytryptamine receptor 2A,SINGLE PROTEIN,,1,1,1,,,label/2014/021346s052lbl.pdf
CHEMBL85,RISPERIDONE,Serotonin 2c (5-HT2c) receptor antagonist,ANTAGONIST,CHEMBL225,5-hydroxytryptamine receptor 2C,SINGLE PROTEIN,,1,1,1,,,label/2014/021346s052lbl.pdf
CHEMBL85,RISPERIDONE,Dopamine D2 receptor antagonist,ANTAGONIST,CHEMBL217,D(2) dopamine receptor,SINGLE PROTEIN,,1,1,1,,,label/2014/021346s052lbl.pdf
CHEMBL428647,PACLITAXEL,Tubulin inhibitor,INHIBITOR,CHEMBL2095182,Tubulin,PROTEIN COMPLEX GROUP,Binds to beta tubulin,1,1,1,,,setid=24d10449-2936-4cd3-b7db-a7683db721e4#section-15; Microtubule
CHEMBL495,ALPROSTADIL,Prostanoid EP1 receptor agonist,AGONIST,CHEMBL1811,Prostaglandin E2 receptor EP1 subtype,SINGLE PROTEIN,,1,1,1,,,"""label/2015/020649s023lbl.pdf; 0443-059748 PP. 216, 445"""
CHEMBL495,ALPROSTADIL,Prostanoid EP2 receptor agonist,AGONIST,CHEMBL1881,Prostaglandin E2 receptor EP2 subtype,SINGLE PROTEIN,,1,1,1,,,"""label/2015/020649s023lbl.pdf; 0443-059748 PP. 216, 445"""
CHEMBL496,HEXACHLOROPHENE,Bacterial enoyl-[acyl-carrier-protein] reductase inhibitor,INHIBITOR,CHEMBL2364678,Enoyl-[acyl-carrier-protein] reductase [NADH] FabI,SINGLE PROTEIN,,1,1,1,,Broad spectrum,10671494
CHEMBL497,CLIOQUINOL,Zinc chelating agent,CHELATING AGENT,CHEMBL2363056,Zinc,METAL,,1,1,1,"""Used as antibiotic against diarrhea in the 70s, but nowadays considered in cancer treatments (off-label), for its chelator and ionophore properties with capacity to inhibit proteosome""",,15833873; 21247386
CHEMBL497,CLIOQUINOL,Copper chelating agent,CHELATING AGENT,CHEMBL2363057,Copper,METAL,,1,1,1,"""Used as antibiotic against diarrhea in the 70s, but nowadays considered in cancer treatments (off-label), for its chelator and ionophore properties with capacity to inhibit proteosome""",,15833873; 21247386
CHEMBL497,CLIOQUINOL,Iron chelating agent,CHELATING AGENT,CHEMBL2363058,Iron,METAL,,1,1,1,"""Used as antibiotic against diarrhea in the 70s, but nowadays considered in cancer treatments (off-label), for its chelator and ionophore properties with capacity to inhibit proteosome""",,15833873; 21247386
CHEMBL10878,AGOMELATINE,Melatonin receptor agonist,AGONIST,CHEMBL2094268,Melatonin receptor,PROTEIN FAMILY,,1,1,1,Agomelatine behaves both as a potent agonist at melatonin MT1 and MT2 receptors and as a neutral antagonist at 5-HT2C receptors.,"""Melatonin receptor MT1, Ki=0.1nM / MT2, Ki=0.12nM 5-HT2C receptor, Ki=631nM""",10.1080/09291016.2013.797657; 19300571; 24724693
CHEMBL10878,AGOMELATINE,Serotonin 2c (5-HT2c) receptor antagonist,ANTAGONIST,CHEMBL225,5-hydroxytryptamine receptor 2C,SINGLE PROTEIN,,1,1,1,Agomelatine behaves both as a potent agonist at melatonin MT1 and MT2 receptors and as a neutral antagonist at 5-HT2C receptors.,"""Melatonin receptor MT1, Ki=0.1nM / MT2, Ki=0.12nM 5-HT2C receptor, Ki=631nM""",10.1080/09291016.2013.797657; 19300571; 24724693
CHEMBL498,CHLORPROPAMIDE,"""Sulfonylurea receptor 1, Kir6.2 blocker""",BLOCKER,CHEMBL2096972,"Sulfonylurea receptor 1, Kir6.2",PROTEIN COMPLEX,,1,1,1,,,label/2011/011641s066lbl.pdf; 10194514; 22260657; Chlorpropamide
CHEMBL499,TIMOLOL,Beta-1 adrenergic receptor antagonist,ANTAGONIST,CHEMBL213,Beta-1 adrenergic receptor,SINGLE PROTEIN,,1,1,1,,,setid=00f62dd1-dad2-4892-8a5d-21e5e54509ce
CHEMBL499,TIMOLOL,Beta-2 adrenergic receptor antagonist,ANTAGONIST,CHEMBL210,Beta-2 adrenergic receptor,SINGLE PROTEIN,,1,1,1,,,setid=00f62dd1-dad2-4892-8a5d-21e5e54509ce
CHEMBL500,PINDOLOL,Beta-1 adrenergic receptor partial agonist,PARTIAL AGONIST,CHEMBL213,Beta-1 adrenergic receptor,SINGLE PROTEIN,,1,1,1,,,setid=07fe9cc3-1ef2-420c-b45d-7f1e894b6ef9
CHEMBL500,PINDOLOL,Beta-2 adrenergic receptor partial agonist,PARTIAL AGONIST,CHEMBL210,Beta-2 adrenergic receptor,SINGLE PROTEIN,,1,1,1,,,setid=07fe9cc3-1ef2-420c-b45d-7f1e894b6ef9
