, id,cid,dsn,cmpdname,srccmpd,srccmpdname,srccmpdurl,srctarget,srctargetname,srctargeturl,protacxn,protname,geneid,genename,taxid,taxname,action,actname,actvalue,evids,evurls,pmids,dois,citations
0,310530,4114,Comparative Toxicogenomics Database (CTD),Methoxsalen,D008730,Methoxsalen,https://ctdbase.org/detail.go?type=chem&acc=D008730,5243,ABCB1,https://ctdbase.org/detail.go?type=gene&acc=5243,,,5243,ABCB1,9606,Homo sapiens (human),Verapamil inhibits the reaction [[methoxsalen results in decreased activity of ABCB1 protein] which results in decreased export of and results in increased abundance of daunorubicin]|[methoxsalen results in decreased activity of ABCB1 protein] which results in decreased export of and results in increased abundance of daunorubicin|methoxsalen results in decreased activity of ABCB1 protein|methoxsalen results in increased expression of ABCB1 mrna|verapamil inhibits the reaction [methoxsalen results in decreased activity of ABCB1 protein],,,PMID:29079042,https://www.ncbi.nlm.nih.gov/pubmed/29079042,29079042,,
1,310531,4114,Comparative Toxicogenomics Database (CTD),Methoxsalen,D008730,Methoxsalen,https://ctdbase.org/detail.go?type=chem&acc=D008730,8647,ABCB11,https://ctdbase.org/detail.go?type=gene&acc=8647,,,8647,ABCB11,10116,Rattus norvegicus (Norway rat),Methoxsalen results in decreased expression of ABCB11 mrna|methoxsalen results in decreased expression of ABCB11 protein,,,PMID:28552422,https://www.ncbi.nlm.nih.gov/pubmed/28552422,28552422,,
2,310532,4114,Comparative Toxicogenomics Database (CTD),Methoxsalen,D008730,Methoxsalen,https://ctdbase.org/detail.go?type=chem&acc=D008730,5244,ABCB4,https://ctdbase.org/detail.go?type=gene&acc=5244,,,5244,ABCB4,9606,Homo sapiens (human),Methoxsalen results in decreased expression of ABCB4 mrna|methoxsalen results in decreased expression of ABCB4 protein,,,PMID:28552422,https://www.ncbi.nlm.nih.gov/pubmed/28552422,28552422,,
3,310533,4114,Comparative Toxicogenomics Database (CTD),Methoxsalen,D008730,Methoxsalen,https://ctdbase.org/detail.go?type=chem&acc=D008730,4363,ABCC1,https://ctdbase.org/detail.go?type=gene&acc=4363,,,4363,ABCC1,9606,Homo sapiens (human),Methoxsalen results in increased expression of ABCC1 mRNA,,,PMID:29079042,https://www.ncbi.nlm.nih.gov/pubmed/29079042,29079042,,
4,310534,4114,Comparative Toxicogenomics Database (CTD),Methoxsalen,D008730,Methoxsalen,https://ctdbase.org/detail.go?type=chem&acc=D008730,1544,CYP1A2,https://ctdbase.org/detail.go?type=gene&acc=1544,,,1544,CYP1A2,10090,Mus musculus (house mouse),Methoxsalen results in decreased activity of CYP1A2 protein,,,PMID:18420780,https://www.ncbi.nlm.nih.gov/pubmed/18420780,18420780,,
5,310728,4114,Comparative Toxicogenomics Database (CTD),Methoxsalen,D008730,Methoxsalen,https://ctdbase.org/detail.go?type=chem&acc=D008730,1544,CYP1A2,https://ctdbase.org/detail.go?type=gene&acc=1544,,,1544,CYP1A2,10116,Rattus norvegicus (Norway rat),Methoxsalen results in decreased activity of CYP1A2 protein,,,PMID:12814958|PMID:15879494,https://www.ncbi.nlm.nih.gov/pubmed/12814958|https://www.ncbi.nlm.nih.gov/pubmed/15879494,12814958|15879494,,
6,310729,4114,Comparative Toxicogenomics Database (CTD),Methoxsalen,D008730,Methoxsalen,https://ctdbase.org/detail.go?type=chem&acc=D008730,1545,CYP1B1,https://ctdbase.org/detail.go?type=gene&acc=1545,,,1545,CYP1B1,9606,Homo sapiens (human),Methoxsalen results in decreased activity of CYP1B1 protein,,,PMID:33814510,https://www.ncbi.nlm.nih.gov/pubmed/33814510,33814510,,
7,310730,4114,Comparative Toxicogenomics Database (CTD),Methoxsalen,D008730,Methoxsalen,https://ctdbase.org/detail.go?type=chem&acc=D008730,1244,ABCC2,https://ctdbase.org/detail.go?type=gene&acc=1244,,,1244,ABCC2,9606,Homo sapiens (human),Indomethacin inhibits the reaction [methoxsalen results in decreased activity of ABCC2 protein]|[methoxsalen results in decreased activity of ABCC2 protein] which results in decreased export of and results in increased abundance of daunorubicin|methoxsalen results in decreased activity of ABCC2 protein|indomethacin inhibits the reaction [[methoxsalen results in decreased activity of ABCC2 protein] which results in decreased export of and results in increased abundance of daunorubicin]|methoxsalen results in decreased expression of ABCC2 mRNA,,,PMID:29079042,https://www.ncbi.nlm.nih.gov/pubmed/29079042,29079042,,
8,310731,4114,Comparative Toxicogenomics Database (CTD),Methoxsalen,D008730,Methoxsalen,https://ctdbase.org/detail.go?type=chem&acc=D008730,8714,ABCC3,https://ctdbase.org/detail.go?type=gene&acc=8714,,,8714,ABCC3,9606,Homo sapiens (human),Methoxsalen results in increased expression of ABCC3 protein,,,PMID:30419252,https://www.ncbi.nlm.nih.gov/pubmed/30419252,30419252,,
9,310732,4114,Comparative Toxicogenomics Database (CTD),Methoxsalen,D008730,Methoxsalen,https://ctdbase.org/detail.go?type=chem&acc=D008730,8714,ABCC3,https://ctdbase.org/detail.go?type=gene&acc=8714,,,8714,ABCC3,10116,Rattus norvegicus (Norway rat),Methoxsalen results in increased expression of ABCC3 mRNA,,,PMID:28552422,https://www.ncbi.nlm.nih.gov/pubmed/28552422,28552422,,
10,310733,4114,Comparative Toxicogenomics Database (CTD),Methoxsalen,D008730,Methoxsalen,https://ctdbase.org/detail.go?type=chem&acc=D008730,10257,ABCC4,https://ctdbase.org/detail.go?type=gene&acc=10257,,,10257,ABCC4,10090,Mus musculus (house mouse),Methoxsalen results in increased expression of ABCC4 mrna|methoxsalen affects the expression of ABCC4 protein,,,PMID:22173200,https://www.ncbi.nlm.nih.gov/pubmed/22173200,22173200,,
11,310734,4114,Comparative Toxicogenomics Database (CTD),Methoxsalen,D008730,Methoxsalen,https://ctdbase.org/detail.go?type=chem&acc=D008730,9429,ABCG2,https://ctdbase.org/detail.go?type=gene&acc=9429,,,9429,ABCG2,9606,Homo sapiens (human),Methoxsalen results in increased expression of ABCG2 mrna|[methoxsalen results in decreased activity of ABCG2 protein] which results in decreased export of and results in increased abundance of mitoxantrone|novobiocin inhibits the reaction [[methoxsalen results in decreased activity of ABCG2 protein] which results in decreased export of and results in increased abundance of mitoxantrone]|novobiocin inhibits the reaction [methoxsalen results in decreased activity of ABCG2 protein]|methoxsalen results in decreased activity of ABCG2 protein,,,PMID:29079042,https://www.ncbi.nlm.nih.gov/pubmed/29079042,29079042,,
12,310735,4114,Comparative Toxicogenomics Database (CTD),Methoxsalen,D008730,Methoxsalen,https://ctdbase.org/detail.go?type=chem&acc=D008730,196,AHR,https://ctdbase.org/detail.go?type=gene&acc=196,,,196,AHR,10090,Mus musculus (house mouse),Methoxsalen inhibits the reaction [tetrachlorodibenzodioxin promotes the reaction [AHR protein binds to CYP1A1 enhancer]],,,PMID:7702611,https://www.ncbi.nlm.nih.gov/pubmed/7702611,7702611,,
13,310736,4114,Comparative Toxicogenomics Database (CTD),Methoxsalen,D008730,Methoxsalen,https://ctdbase.org/detail.go?type=chem&acc=D008730,196,AHR,https://ctdbase.org/detail.go?type=gene&acc=196,,,196,AHR,10116,Rattus norvegicus (Norway rat),Methoxsalen results in increased activity of AHR protein,,,PMID:15670584,https://www.ncbi.nlm.nih.gov/pubmed/15670584,15670584,,
14,310931,4114,Comparative Toxicogenomics Database (CTD),Methoxsalen,D008730,Methoxsalen,https://ctdbase.org/detail.go?type=chem&acc=D008730,472,ATM,https://ctdbase.org/detail.go?type=gene&acc=472,,,472,ATM,9606,Homo sapiens (human),Methoxsalen inhibits the reaction [aflatoxin G1 results in increased expression of ATM protein modified form],,,PMID:23907605,https://www.ncbi.nlm.nih.gov/pubmed/23907605,23907605,,
15,310932,4114,Comparative Toxicogenomics Database (CTD),Methoxsalen,D008730,Methoxsalen,https://ctdbase.org/detail.go?type=chem&acc=D008730,545,ATR,https://ctdbase.org/detail.go?type=gene&acc=545,,,545,ATR,9606,Homo sapiens (human),Methoxsalen inhibits the reaction [aflatoxin G1 results in increased expression of ATR protein modified form],,,PMID:23907605,https://www.ncbi.nlm.nih.gov/pubmed/23907605,23907605,,
16,310933,4114,Comparative Toxicogenomics Database (CTD),Methoxsalen,D008730,Methoxsalen,https://ctdbase.org/detail.go?type=chem&acc=D008730,581,BAX,https://ctdbase.org/detail.go?type=gene&acc=581,,,581,BAX,9606,Homo sapiens (human),Methoxsalen results in increased expression of BAX protein,,,PMID:22796345,https://www.ncbi.nlm.nih.gov/pubmed/22796345,22796345,,
17,310934,4114,Comparative Toxicogenomics Database (CTD),Methoxsalen,D008730,Methoxsalen,https://ctdbase.org/detail.go?type=chem&acc=D008730,596,BCL2,https://ctdbase.org/detail.go?type=gene&acc=596,,,596,BCL2,9606,Homo sapiens (human),Methoxsalen inhibits the reaction [aflatoxin B1 results in decreased expression of BCL2 protein],,,PMID:22743290,https://www.ncbi.nlm.nih.gov/pubmed/22743290,22743290,,
18,310935,4114,Comparative Toxicogenomics Database (CTD),Methoxsalen,D008730,Methoxsalen,https://ctdbase.org/detail.go?type=chem&acc=D008730,596,BCL2,https://ctdbase.org/detail.go?type=gene&acc=596,,,596,BCL2,9606,Homo sapiens (human),Methoxsalen results in decreased expression of BCL2 protein,,,PMID:22796345,https://www.ncbi.nlm.nih.gov/pubmed/22796345,22796345,,
19,310936,4114,Comparative Toxicogenomics Database (CTD),Methoxsalen,D008730,Methoxsalen,https://ctdbase.org/detail.go?type=chem&acc=D008730,8553,BHLHE40,https://ctdbase.org/detail.go?type=gene&acc=8553,,,8553,BHLHE40,9606,Homo sapiens (human),BHLHE40 protein inhibits the reaction [methoxsalen results in increased activity of and results in decreased expression of CASP3 protein]|methoxsalen results in decreased expression of BHLHE40 protein|bhlhe40 protein inhibits the reaction [methoxsalen results in decreased expression of BIRC5 protein]|methoxsalen results in decreased expression of BHLHE40 mrna|bhlhe40 protein results in decreased susceptibility to methoxsalen,,,PMID:22796345,https://www.ncbi.nlm.nih.gov/pubmed/22796345,22796345,,
20,310937,4114,Comparative Toxicogenomics Database (CTD),Methoxsalen,D008730,Methoxsalen,https://ctdbase.org/detail.go?type=chem&acc=D008730,332,BIRC5,https://ctdbase.org/detail.go?type=gene&acc=332,,,332,BIRC5,9606,Homo sapiens (human),BHLHE40 protein inhibits the reaction [methoxsalen results in decreased expression of BIRC5 protein]|methoxsalen results in decreased expression of BIRC5 protein,,,PMID:22796345,https://www.ncbi.nlm.nih.gov/pubmed/22796345,22796345,,
21,310938,4114,Comparative Toxicogenomics Database (CTD),Methoxsalen,D008730,Methoxsalen,https://ctdbase.org/detail.go?type=chem&acc=D008730,672,BRCA1,https://ctdbase.org/detail.go?type=gene&acc=672,,,672,BRCA1,9606,Homo sapiens (human),Methoxsalen inhibits the reaction [aflatoxin G1 results in increased expression of BRCA1 protein modified form],,,PMID:23907605,https://www.ncbi.nlm.nih.gov/pubmed/23907605,23907605,,
22,310939,4114,Comparative Toxicogenomics Database (CTD),Methoxsalen,D008730,Methoxsalen,https://ctdbase.org/detail.go?type=chem&acc=D008730,836,CASP3,https://ctdbase.org/detail.go?type=gene&acc=836,,,836,CASP3,9606,Homo sapiens (human),BHLHE40 protein inhibits the reaction [methoxsalen results in increased activity of and results in decreased expression of CASP3 protein]|methoxsalen results in decreased expression of and results in increased activity of CASP3 protein,,,PMID:22796345,https://www.ncbi.nlm.nih.gov/pubmed/22796345,22796345,,
23,310940,4114,Comparative Toxicogenomics Database (CTD),Methoxsalen,D008730,Methoxsalen,https://ctdbase.org/detail.go?type=chem&acc=D008730,836,CASP3,https://ctdbase.org/detail.go?type=gene&acc=836,,,836,CASP3,9606,Homo sapiens (human),Methoxsalen inhibits the reaction [aflatoxin B1 results in increased cleavage of CASP3 protein],,,PMID:22743290,https://www.ncbi.nlm.nih.gov/pubmed/22743290,22743290,,
24,311123,4114,Comparative Toxicogenomics Database (CTD),Methoxsalen,D008730,Methoxsalen,https://ctdbase.org/detail.go?type=chem&acc=D008730,836,CASP3,https://ctdbase.org/detail.go?type=gene&acc=836,,,836,CASP3,9606,Homo sapiens (human),Methoxsalen inhibits the reaction [aflatoxin G1 results in increased expression of CASP3 protein modified form],,,PMID:23907605,https://www.ncbi.nlm.nih.gov/pubmed/23907605,23907605,,
25,311124,4114,Comparative Toxicogenomics Database (CTD),Methoxsalen,D008730,Methoxsalen,https://ctdbase.org/detail.go?type=chem&acc=D008730,841,CASP8,https://ctdbase.org/detail.go?type=gene&acc=841,,,841,CASP8,9606,Homo sapiens (human),Methoxsalen results in decreased expression of CASP8 protein,,,PMID:22796345,https://www.ncbi.nlm.nih.gov/pubmed/22796345,22796345,,
26,311125,4114,Comparative Toxicogenomics Database (CTD),Methoxsalen,D008730,Methoxsalen,https://ctdbase.org/detail.go?type=chem&acc=D008730,842,CASP9,https://ctdbase.org/detail.go?type=gene&acc=842,,,842,CASP9,9606,Homo sapiens (human),Methoxsalen results in decreased expression of CASP9 protein,,,PMID:22796345,https://www.ncbi.nlm.nih.gov/pubmed/22796345,22796345,,
27,311126,4114,Comparative Toxicogenomics Database (CTD),Methoxsalen,D008730,Methoxsalen,https://ctdbase.org/detail.go?type=chem&acc=D008730,1027,CDKN1B,https://ctdbase.org/detail.go?type=gene&acc=1027,,,1027,CDKN1B,9606,Homo sapiens (human),Methoxsalen inhibits the reaction [tetrachlorodibenzodioxin results in increased expression of CDKN1B protein],,,PMID:15157999,https://www.ncbi.nlm.nih.gov/pubmed/15157999,15157999,,
28,311127,4114,Comparative Toxicogenomics Database (CTD),Methoxsalen,D008730,Methoxsalen,https://ctdbase.org/detail.go?type=chem&acc=D008730,8824,CES2,https://ctdbase.org/detail.go?type=gene&acc=8824,,,8824,CES2,9606,Homo sapiens (human),NR1I2 protein promotes the reaction [methoxsalen results in increased expression of CES2 mrna]|methoxsalen results in increased expression of CES2 protein|methoxsalen results in increased expression of CES2 mrna|dichlororibofuranosylbenzimidazole inhibits the reaction [methoxsalen results in increased expression of CES2 mrna],,,PMID:17003103,https://www.ncbi.nlm.nih.gov/pubmed/17003103,17003103,,
29,311128,4114,Comparative Toxicogenomics Database (CTD),Methoxsalen,D008730,Methoxsalen,https://ctdbase.org/detail.go?type=chem&acc=D008730,11200,CHEK2,https://ctdbase.org/detail.go?type=gene&acc=11200,,,11200,CHEK2,9606,Homo sapiens (human),Methoxsalen inhibits the reaction [aflatoxin G1 results in increased expression of CHEK2 protein modified form],,,PMID:23907605,https://www.ncbi.nlm.nih.gov/pubmed/23907605,23907605,,
30,311129,4114,Comparative Toxicogenomics Database (CTD),Methoxsalen,D008730,Methoxsalen,https://ctdbase.org/detail.go?type=chem&acc=D008730,1543,CYP1A1,https://ctdbase.org/detail.go?type=gene&acc=1543,,,1543,CYP1A1,9606,Homo sapiens (human),Methoxsalen inhibits the reaction [carbaryl results in increased expression of CYP1A1 mrna],,,PMID:9169082,https://www.ncbi.nlm.nih.gov/pubmed/9169082,9169082,,
31,311130,4114,Comparative Toxicogenomics Database (CTD),Methoxsalen,D008730,Methoxsalen,https://ctdbase.org/detail.go?type=chem&acc=D008730,1543,CYP1A1,https://ctdbase.org/detail.go?type=gene&acc=1543,,,1543,CYP1A1,9606,Homo sapiens (human),Methoxsalen results in decreased activity of CYP1A1 protein,,,PMID:33814510,https://www.ncbi.nlm.nih.gov/pubmed/33814510,33814510,,
32,311131,4114,Comparative Toxicogenomics Database (CTD),Methoxsalen,D008730,Methoxsalen,https://ctdbase.org/detail.go?type=chem&acc=D008730,1543,CYP1A1,https://ctdbase.org/detail.go?type=gene&acc=1543,,,1543,CYP1A1,10090,Mus musculus (house mouse),Methoxsalen inhibits the reaction [tetrachlorodibenzodioxin results in increased expression of and results in increased activity of CYP1A1 protein]|methoxsalen inhibits the reaction [tetrachlorodibenzodioxin results in increased expression of CYP1A1 mrna]|methoxsalen inhibits the reaction [tetrachlorodibenzodioxin promotes the reaction [AHR protein binds to CYP1A1 enhancer]],,,PMID:7702611,https://www.ncbi.nlm.nih.gov/pubmed/7702611,7702611,,
33,311132,4114,Comparative Toxicogenomics Database (CTD),Methoxsalen,D008730,Methoxsalen,https://ctdbase.org/detail.go?type=chem&acc=D008730,1543,CYP1A1,https://ctdbase.org/detail.go?type=gene&acc=1543,,,1543,CYP1A1,10090,Mus musculus (house mouse),Methoxsalen results in decreased activity of CYP1A1 protein,,,PMID:18420780,https://www.ncbi.nlm.nih.gov/pubmed/18420780,18420780,,
34,311324,4114,Comparative Toxicogenomics Database (CTD),Methoxsalen,D008730,Methoxsalen,https://ctdbase.org/detail.go?type=chem&acc=D008730,1543,CYP1A1,https://ctdbase.org/detail.go?type=gene&acc=1543,,,1543,CYP1A1,10116,Rattus norvegicus (Norway rat),Methoxsalen results in increased expression of CYP1A1 mrna|methoxsalen results in increased expression of and results in decreased activity of CYP1A1 protein,,,PMID:15670584,https://www.ncbi.nlm.nih.gov/pubmed/15670584,15670584,,
35,311325,4114,Comparative Toxicogenomics Database (CTD),Methoxsalen,D008730,Methoxsalen,https://ctdbase.org/detail.go?type=chem&acc=D008730,1544,CYP1A2,https://ctdbase.org/detail.go?type=gene&acc=1544,,,1544,CYP1A2,9606,Homo sapiens (human),Methoxsalen results in decreased activity of CYP1A2 protein,,,PMID:8819299,https://www.ncbi.nlm.nih.gov/pubmed/8819299,8819299,,
36,311326,4114,Comparative Toxicogenomics Database (CTD),Methoxsalen,D008730,Methoxsalen,https://ctdbase.org/detail.go?type=chem&acc=D008730,1545,CYP1B1,https://ctdbase.org/detail.go?type=gene&acc=1545,,,1545,CYP1B1,10090,Mus musculus (house mouse),Methoxsalen results in decreased activity of CYP1B1 protein,,,PMID:18420780,https://www.ncbi.nlm.nih.gov/pubmed/18420780,18420780,,
37,311327,4114,Comparative Toxicogenomics Database (CTD),Methoxsalen,D008730,Methoxsalen,https://ctdbase.org/detail.go?type=chem&acc=D008730,1593,CYP27A1,https://ctdbase.org/detail.go?type=gene&acc=1593,,,1593,CYP27A1,10116,Rattus norvegicus (Norway rat),Methoxsalen results in decreased expression of CYP27A1 mRNA,,,PMID:28552422,https://www.ncbi.nlm.nih.gov/pubmed/28552422,28552422,,
38,311328,4114,Comparative Toxicogenomics Database (CTD),Methoxsalen,D008730,Methoxsalen,https://ctdbase.org/detail.go?type=chem&acc=D008730,24894,CYP2A1,https://ctdbase.org/detail.go?type=gene&acc=24894,,,24894,Cyp2a1,10116,Rattus norvegicus (Norway rat),Methoxsalen results in decreased activity of CYP2A1 protein,,,PMID:12814958,https://www.ncbi.nlm.nih.gov/pubmed/12814958,12814958,,
39,311329,4114,Comparative Toxicogenomics Database (CTD),Methoxsalen,D008730,Methoxsalen,https://ctdbase.org/detail.go?type=chem&acc=D008730,1553,CYP2A13,https://ctdbase.org/detail.go?type=gene&acc=1553,,,1553,CYP2A13,9606,Homo sapiens (human),Methoxsalen inhibits the reaction [CYP2A13 protein results in increased metabolism of 4-(N-methyl-N-nitrosamino)-1-(3-pyridyl)-1-butanone],,,PMID:18669584,https://www.ncbi.nlm.nih.gov/pubmed/18669584,18669584,,
40,311330,4114,Comparative Toxicogenomics Database (CTD),Methoxsalen,D008730,Methoxsalen,https://ctdbase.org/detail.go?type=chem&acc=D008730,1553,CYP2A13,https://ctdbase.org/detail.go?type=gene&acc=1553,,,1553,CYP2A13,9606,Homo sapiens (human),Methoxsalen inhibits the reaction [CYP2A13 protein results in increased metabolism of and results in increased activity of 4-(N-methyl-N-nitrosamino)-1-(3-pyridyl)-1-butanone],,,PMID:17671098,https://www.ncbi.nlm.nih.gov/pubmed/17671098,17671098,,
41,311331,4114,Comparative Toxicogenomics Database (CTD),Methoxsalen,D008730,Methoxsalen,https://ctdbase.org/detail.go?type=chem&acc=D008730,1553,CYP2A13,https://ctdbase.org/detail.go?type=gene&acc=1553,,,1553,CYP2A13,9606,Homo sapiens (human),Methoxsalen inhibits the reaction [CYP2A13 protein results in increased susceptibility to aflatoxin B1],,,PMID:22743290,https://www.ncbi.nlm.nih.gov/pubmed/22743290,22743290,,
42,311332,4114,Comparative Toxicogenomics Database (CTD),Methoxsalen,D008730,Methoxsalen,https://ctdbase.org/detail.go?type=chem&acc=D008730,1553,CYP2A13,https://ctdbase.org/detail.go?type=gene&acc=1553,,,1553,CYP2A13,9606,Homo sapiens (human),[methoxsalen results in decreased activity of CYP2A13 protein] which results in decreased susceptibility to skatole|methoxsalen results in decreased activity of CYP2A13 protein,,,PMID:20795680,https://www.ncbi.nlm.nih.gov/pubmed/20795680,20795680,,
43,311333,4114,Comparative Toxicogenomics Database (CTD),Methoxsalen,D008730,Methoxsalen,https://ctdbase.org/detail.go?type=chem&acc=D008730,24299,CYP2A3,https://ctdbase.org/detail.go?type=gene&acc=24299,,,24299,Cyp2a3,10116,Rattus norvegicus (Norway rat),Methoxsalen results in decreased activity of CYP2A3 protein,,,PMID:15879494,https://www.ncbi.nlm.nih.gov/pubmed/15879494,15879494,,
44,311528,4114,Comparative Toxicogenomics Database (CTD),Methoxsalen,D008730,Methoxsalen,https://ctdbase.org/detail.go?type=chem&acc=D008730,13086,CYP2A4,https://ctdbase.org/detail.go?type=gene&acc=13086,,,13086,Cyp2a4,10090,Mus musculus (house mouse),Methoxsalen results in decreased activity of CYP2A4 protein,,,PMID:18420780,https://www.ncbi.nlm.nih.gov/pubmed/18420780,18420780,,
45,311529,4114,Comparative Toxicogenomics Database (CTD),Methoxsalen,D008730,Methoxsalen,https://ctdbase.org/detail.go?type=chem&acc=D008730,1548,CYP2A6,https://ctdbase.org/detail.go?type=gene&acc=1548,,,1548,CYP2A6,9606,Homo sapiens (human),Methoxsalen inhibits the reaction [CYP2A6 protein results in increased metabolism of coumarin]|methoxsalen inhibits the reaction [CYP2A6 protein results in increased chemical synthesis of 7-hydroxycoumarin],,,PMID:21915887,https://www.ncbi.nlm.nih.gov/pubmed/21915887,21915887,,
46,311530,4114,Comparative Toxicogenomics Database (CTD),Methoxsalen,D008730,Methoxsalen,https://ctdbase.org/detail.go?type=chem&acc=D008730,1548,CYP2A6,https://ctdbase.org/detail.go?type=gene&acc=1548,,,1548,CYP2A6,9606,Homo sapiens (human),Methoxsalen results in decreased activity of CYP2A6 protein,,,PMID:10911933|PMID:11353760|PMID:12464242|PMID:12814958|PMID:15306208|PMID:15893417|PMID:18813816|PMID:21915887|PMID:8819299,https://www.ncbi.nlm.nih.gov/pubmed/10911933|https://www.ncbi.nlm.nih.gov/pubmed/11353760|https://www.ncbi.nlm.nih.gov/pubmed/12464242|https://www.ncbi.nlm.nih.gov/pubmed/12814958|https://www.ncbi.nlm.nih.gov/pubmed/15306208|https://www.ncbi.nlm.nih.gov/pubmed/15893417|https://www.ncbi.nlm.nih.gov/pubmed/18813816|https://www.ncbi.nlm.nih.gov/pubmed/21915887|https://www.ncbi.nlm.nih.gov/pubmed/8819299,10911933|11353760|12464242|12814958|15306208|15893417|18813816|21915887|8819299,,
47,311531,4114,Comparative Toxicogenomics Database (CTD),Methoxsalen,D008730,Methoxsalen,https://ctdbase.org/detail.go?type=chem&acc=D008730,1548,CYP2A6,https://ctdbase.org/detail.go?type=gene&acc=1548,,,1548,CYP2A6,9606,Homo sapiens (human),Methoxsalen results in decreased activity of CYP2A6 protein,,,PMID:10828259|PMID:11506127|PMID:16176798|PMID:17139156|PMID:9103523,https://www.ncbi.nlm.nih.gov/pubmed/10828259|https://www.ncbi.nlm.nih.gov/pubmed/11506127|https://www.ncbi.nlm.nih.gov/pubmed/16176798|https://www.ncbi.nlm.nih.gov/pubmed/17139156|https://www.ncbi.nlm.nih.gov/pubmed/9103523,10828259|11506127|16176798|17139156|9103523,,
48,311532,4114,Comparative Toxicogenomics Database (CTD),Methoxsalen,D008730,Methoxsalen,https://ctdbase.org/detail.go?type=chem&acc=D008730,24300,CYP2B1,https://ctdbase.org/detail.go?type=gene&acc=24300,,,24300,Cyp2b1,10116,Rattus norvegicus (Norway rat),Methoxsalen results in decreased activity of CYP2B1 protein,,,PMID:15879494,https://www.ncbi.nlm.nih.gov/pubmed/15879494,15879494,,
49,311533,4114,Comparative Toxicogenomics Database (CTD),Methoxsalen,D008730,Methoxsalen,https://ctdbase.org/detail.go?type=chem&acc=D008730,13088,CYP2B10,https://ctdbase.org/detail.go?type=gene&acc=13088,,,13088,Cyp2b10,10090,Mus musculus (house mouse),Methoxsalen results in decreased activity of CYP2B10 protein,,,PMID:18420780,https://www.ncbi.nlm.nih.gov/pubmed/18420780,18420780,,
50,311534,4114,Comparative Toxicogenomics Database (CTD),Methoxsalen,D008730,Methoxsalen,https://ctdbase.org/detail.go?type=chem&acc=D008730,29277,CYP2C11,https://ctdbase.org/detail.go?type=gene&acc=29277,,,29277,Cyp2c11,10116,Rattus norvegicus (Norway rat),Methoxsalen results in decreased activity of CYP2C11 protein,,,PMID:12814958|PMID:15879494,https://www.ncbi.nlm.nih.gov/pubmed/12814958|https://www.ncbi.nlm.nih.gov/pubmed/15879494,12814958|15879494,,
51,311535,4114,Comparative Toxicogenomics Database (CTD),Methoxsalen,D008730,Methoxsalen,https://ctdbase.org/detail.go?type=chem&acc=D008730,13095,CYP2C29,https://ctdbase.org/detail.go?type=gene&acc=13095,,,13095,Cyp2c29,10090,Mus musculus (house mouse),Methoxsalen results in decreased activity of CYP2C29 protein,,,PMID:18420780,https://www.ncbi.nlm.nih.gov/pubmed/18420780,18420780,,
52,311536,4114,Comparative Toxicogenomics Database (CTD),Methoxsalen,D008730,Methoxsalen,https://ctdbase.org/detail.go?type=chem&acc=D008730,293989,CYP2C6V1,https://ctdbase.org/detail.go?type=gene&acc=293989,,,293989,Cyp2c6v1,10116,Rattus norvegicus (Norway rat),Methoxsalen results in decreased activity of CYP2C6V1 protein,,,PMID:12814958|PMID:15879494,https://www.ncbi.nlm.nih.gov/pubmed/12814958|https://www.ncbi.nlm.nih.gov/pubmed/15879494,12814958|15879494,,
53,311647,4114,Comparative Toxicogenomics Database (CTD),Methoxsalen,D008730,Methoxsalen,https://ctdbase.org/detail.go?type=chem&acc=D008730,1559,CYP2C9,https://ctdbase.org/detail.go?type=gene&acc=1559,,,1559,CYP2C9,9606,Homo sapiens (human),Methoxsalen results in decreased activity of CYP2C9 protein,,,PMID:18420780,https://www.ncbi.nlm.nih.gov/pubmed/18420780,18420780,,
54,311648,4114,Comparative Toxicogenomics Database (CTD),Methoxsalen,D008730,Methoxsalen,https://ctdbase.org/detail.go?type=chem&acc=D008730,1565,CYP2D6,https://ctdbase.org/detail.go?type=gene&acc=1565,,,1565,CYP2D6,9606,Homo sapiens (human),Methoxsalen results in decreased activity of CYP2D6 protein,,,PMID:18420780,https://www.ncbi.nlm.nih.gov/pubmed/18420780,18420780,,
55,311649,4114,Comparative Toxicogenomics Database (CTD),Methoxsalen,D008730,Methoxsalen,https://ctdbase.org/detail.go?type=chem&acc=D008730,1571,CYP2E1,https://ctdbase.org/detail.go?type=gene&acc=1571,,,1571,CYP2E1,10090,Mus musculus (house mouse),Methoxsalen results in decreased activity of CYP2E1 protein,,,PMID:18420780,https://www.ncbi.nlm.nih.gov/pubmed/18420780,18420780,,
56,311650,4114,Comparative Toxicogenomics Database (CTD),Methoxsalen,D008730,Methoxsalen,https://ctdbase.org/detail.go?type=chem&acc=D008730,1571,CYP2E1,https://ctdbase.org/detail.go?type=gene&acc=1571,,,1571,CYP2E1,10116,Rattus norvegicus (Norway rat),Methoxsalen results in decreased activity of CYP2E1 protein,,,PMID:15879494,https://www.ncbi.nlm.nih.gov/pubmed/15879494,15879494,,
57,311651,4114,Comparative Toxicogenomics Database (CTD),Methoxsalen,D008730,Methoxsalen,https://ctdbase.org/detail.go?type=chem&acc=D008730,13112,CYP3A11,https://ctdbase.org/detail.go?type=gene&acc=13112,,,13112,Cyp3a11,10090,Mus musculus (house mouse),Methoxsalen results in decreased activity of CYP3A11 protein,,,PMID:18420780,https://www.ncbi.nlm.nih.gov/pubmed/18420780,18420780,,
58,311652,4114,Comparative Toxicogenomics Database (CTD),Methoxsalen,D008730,Methoxsalen,https://ctdbase.org/detail.go?type=chem&acc=D008730,13112,CYP3A11,https://ctdbase.org/detail.go?type=gene&acc=13112,,,13112,Cyp3a11,10090,Mus musculus (house mouse),Methoxsalen results in increased expression of CYP3A11 protein,,,PMID:22173200,https://www.ncbi.nlm.nih.gov/pubmed/22173200,22173200,,
59,311653,4114,Comparative Toxicogenomics Database (CTD),Methoxsalen,D008730,Methoxsalen,https://ctdbase.org/detail.go?type=chem&acc=D008730,266682,CYP3A2,https://ctdbase.org/detail.go?type=gene&acc=266682,,,266682,Cyp3a2,10116,Rattus norvegicus (Norway rat),Methoxsalen results in decreased activity of CYP3A2 protein,,,PMID:15879494,https://www.ncbi.nlm.nih.gov/pubmed/15879494,15879494,,
60,311654,4114,Comparative Toxicogenomics Database (CTD),Methoxsalen,D008730,Methoxsalen,https://ctdbase.org/detail.go?type=chem&acc=D008730,25642,CYP3A23-3A1,https://ctdbase.org/detail.go?type=gene&acc=25642,,,25642,Cyp3a23-3a1,10116,Rattus norvegicus (Norway rat),Methoxsalen results in decreased activity of CYP3A23-3A1 protein,,,PMID:15879494,https://www.ncbi.nlm.nih.gov/pubmed/15879494,15879494,,
61,311655,4114,Comparative Toxicogenomics Database (CTD),Methoxsalen,D008730,Methoxsalen,https://ctdbase.org/detail.go?type=chem&acc=D008730,1576,CYP3A4,https://ctdbase.org/detail.go?type=gene&acc=1576,,,1576,CYP3A4,9606,Homo sapiens (human),Dichlororibofuranosylbenzimidazole inhibits the reaction [methoxsalen results in increased expression of CYP3A4 mrna]|nr1i2 protein promotes the reaction [methoxsalen results in increased expression of CYP3A4 mrna]|methoxsalen results in increased expression of CYP3A4 mrna|methoxsalen results in increased expression of CYP3A4 protein,,,PMID:17003103,https://www.ncbi.nlm.nih.gov/pubmed/17003103,17003103,,
62,311656,4114,Comparative Toxicogenomics Database (CTD),Methoxsalen,D008730,Methoxsalen,https://ctdbase.org/detail.go?type=chem&acc=D008730,1576,CYP3A4,https://ctdbase.org/detail.go?type=gene&acc=1576,,,1576,CYP3A4,9606,Homo sapiens (human),Methoxsalen results in decreased activity of CYP3A4 protein,,,PMID:18420780,https://www.ncbi.nlm.nih.gov/pubmed/18420780,18420780,,
63,311805,4114,Comparative Toxicogenomics Database (CTD),Methoxsalen,D008730,Methoxsalen,https://ctdbase.org/detail.go?type=chem&acc=D008730,1581,CYP7A1,https://ctdbase.org/detail.go?type=gene&acc=1581,,,1581,CYP7A1,9606,Homo sapiens (human),Methoxsalen results in decreased expression of CYP7A1 protein|methoxsalen affects the reaction [VDR protein affects the expression of CYP7A1 protein],,,PMID:30419252,https://www.ncbi.nlm.nih.gov/pubmed/30419252,30419252,,
64,311806,4114,Comparative Toxicogenomics Database (CTD),Methoxsalen,D008730,Methoxsalen,https://ctdbase.org/detail.go?type=chem&acc=D008730,1581,CYP7A1,https://ctdbase.org/detail.go?type=gene&acc=1581,,,1581,CYP7A1,10116,Rattus norvegicus (Norway rat),Methoxsalen results in increased expression of CYP7A1 protein|methoxsalen results in decreased expression of CYP7A1 mRNA,,,PMID:28552422,https://www.ncbi.nlm.nih.gov/pubmed/28552422,28552422,,
65,311807,4114,Comparative Toxicogenomics Database (CTD),Methoxsalen,D008730,Methoxsalen,https://ctdbase.org/detail.go?type=chem&acc=D008730,1582,CYP8B1,https://ctdbase.org/detail.go?type=gene&acc=1582,,,1582,CYP8B1,10116,Rattus norvegicus (Norway rat),Methoxsalen results in decreased expression of CYP8B1 mRNA,,,PMID:28552422,https://www.ncbi.nlm.nih.gov/pubmed/28552422,28552422,,
66,311808,4114,Comparative Toxicogenomics Database (CTD),Methoxsalen,D008730,Methoxsalen,https://ctdbase.org/detail.go?type=chem&acc=D008730,2875,GPT,https://ctdbase.org/detail.go?type=gene&acc=2875,,,2875,GPT,10116,Rattus norvegicus (Norway rat),Methoxsalen results in increased expression of GPT protein,,,PMID:28552422,https://www.ncbi.nlm.nih.gov/pubmed/28552422,28552422,,
67,311809,4114,Comparative Toxicogenomics Database (CTD),Methoxsalen,D008730,Methoxsalen,https://ctdbase.org/detail.go?type=chem&acc=D008730,37106,GSTE1,https://ctdbase.org/detail.go?type=gene&acc=37106,,,37106,GstE1,69820,Spodoptera litura,Methoxsalen results in increased expression of GSTE1 mRNA,,,PMID:29749087,https://www.ncbi.nlm.nih.gov/pubmed/29749087,29749087,,
68,311810,4114,Comparative Toxicogenomics Database (CTD),Methoxsalen,D008730,Methoxsalen,https://ctdbase.org/detail.go?type=chem&acc=D008730,3014,H2AX,https://ctdbase.org/detail.go?type=gene&acc=3014,,,3014,H2AX,9606,Homo sapiens (human),Methoxsalen inhibits the reaction [aflatoxin G1 results in increased expression of H2AX protein modified form],,,PMID:23907605,https://www.ncbi.nlm.nih.gov/pubmed/23907605,23907605,,
69,311811,4114,Comparative Toxicogenomics Database (CTD),Methoxsalen,D008730,Methoxsalen,https://ctdbase.org/detail.go?type=chem&acc=D008730,3034,HAL,https://ctdbase.org/detail.go?type=gene&acc=3034,,,3034,HAL,9606,Homo sapiens (human),Methoxsalen results in decreased activity of HAL protein,,,PMID:20880231,https://www.ncbi.nlm.nih.gov/pubmed/20880231,20880231,,
70,311812,4114,Comparative Toxicogenomics Database (CTD),Methoxsalen,D008730,Methoxsalen,https://ctdbase.org/detail.go?type=chem&acc=D008730,8431,NR0B2,https://ctdbase.org/detail.go?type=gene&acc=8431,,,8431,NR0B2,9606,Homo sapiens (human),Methoxsalen results in increased expression of NR0B2 protein|vdr protein affects the reaction [methoxsalen results in increased expression of NR0B2 protein],,,PMID:30419252,https://www.ncbi.nlm.nih.gov/pubmed/30419252,30419252,,
71,311813,4114,Comparative Toxicogenomics Database (CTD),Methoxsalen,D008730,Methoxsalen,https://ctdbase.org/detail.go?type=chem&acc=D008730,8431,NR0B2,https://ctdbase.org/detail.go?type=gene&acc=8431,,,8431,NR0B2,10116,Rattus norvegicus (Norway rat),Methoxsalen results in decreased expression of NR0B2 mRNA,,,PMID:28552422,https://www.ncbi.nlm.nih.gov/pubmed/28552422,28552422,,
72,311814,4114,Comparative Toxicogenomics Database (CTD),Methoxsalen,D008730,Methoxsalen,https://ctdbase.org/detail.go?type=chem&acc=D008730,9971,NR1H4,https://ctdbase.org/detail.go?type=gene&acc=9971,,,9971,NR1H4,10116,Rattus norvegicus (Norway rat),Methoxsalen results in decreased expression of NR1H4 protein|methoxsalen results in decreased expression of NR1H4 mRNA,,,PMID:28552422,https://www.ncbi.nlm.nih.gov/pubmed/28552422,28552422,,
73,311999,4114,Comparative Toxicogenomics Database (CTD),Methoxsalen,D008730,Methoxsalen,https://ctdbase.org/detail.go?type=chem&acc=D008730,8856,NR1I2,https://ctdbase.org/detail.go?type=gene&acc=8856,,,8856,NR1I2,9606,Homo sapiens (human),Methoxsalen results in increased activity of NR1I2 protein,,,PMID:17003103|PMID:25455453,https://www.ncbi.nlm.nih.gov/pubmed/17003103|https://www.ncbi.nlm.nih.gov/pubmed/25455453,17003103|25455453,,
74,312000,4114,Comparative Toxicogenomics Database (CTD),Methoxsalen,D008730,Methoxsalen,https://ctdbase.org/detail.go?type=chem&acc=D008730,8856,NR1I2,https://ctdbase.org/detail.go?type=gene&acc=8856,,,8856,NR1I2,9606,Homo sapiens (human),NR1I2 protein promotes the reaction [methoxsalen results in increased expression of CES2 mrna]|methoxsalen results in increased activity of NR1I2 protein|nr1i2 protein promotes the reaction [methoxsalen results in increased expression of CYP3A4 mrna],,,PMID:17003103,https://www.ncbi.nlm.nih.gov/pubmed/17003103,17003103,,
75,312001,4114,Comparative Toxicogenomics Database (CTD),Methoxsalen,D008730,Methoxsalen,https://ctdbase.org/detail.go?type=chem&acc=D008730,142,PARP1,https://ctdbase.org/detail.go?type=gene&acc=142,,,142,PARP1,9606,Homo sapiens (human),Methoxsalen inhibits the reaction [aflatoxin B1 results in increased expression of PARP1 protein modified form],,,PMID:22743290,https://www.ncbi.nlm.nih.gov/pubmed/22743290,22743290,,
76,312002,4114,Comparative Toxicogenomics Database (CTD),Methoxsalen,D008730,Methoxsalen,https://ctdbase.org/detail.go?type=chem&acc=D008730,5465,PPARA,https://ctdbase.org/detail.go?type=gene&acc=5465,,,5465,PPARA,10116,Rattus norvegicus (Norway rat),Methoxsalen results in decreased expression of PPARA mrna|methoxsalen results in decreased expression of PPARA protein,,,PMID:28552422,https://www.ncbi.nlm.nih.gov/pubmed/28552422,28552422,,
77,312003,4114,Comparative Toxicogenomics Database (CTD),Methoxsalen,D008730,Methoxsalen,https://ctdbase.org/detail.go?type=chem&acc=D008730,5925,RB1,https://ctdbase.org/detail.go?type=gene&acc=5925,,,5925,RB1,9606,Homo sapiens (human),Methoxsalen inhibits the reaction [tetrachlorodibenzodioxin results in decreased phosphorylation of RB1 protein],,,PMID:15157999,https://www.ncbi.nlm.nih.gov/pubmed/15157999,15157999,,
78,312004,4114,Comparative Toxicogenomics Database (CTD),Methoxsalen,D008730,Methoxsalen,https://ctdbase.org/detail.go?type=chem&acc=D008730,6554,SLC10A1,https://ctdbase.org/detail.go?type=gene&acc=6554,,,6554,SLC10A1,10116,Rattus norvegicus (Norway rat),Methoxsalen results in decreased expression of SLC10A1 protein|methoxsalen results in decreased expression of SLC10A1 mRNA,,,PMID:28552422,https://www.ncbi.nlm.nih.gov/pubmed/28552422,28552422,,
79,312005,4114,Comparative Toxicogenomics Database (CTD),Methoxsalen,D008730,Methoxsalen,https://ctdbase.org/detail.go?type=chem&acc=D008730,6580,SLC22A1,https://ctdbase.org/detail.go?type=gene&acc=6580,,,6580,SLC22A1,10090,Mus musculus (house mouse),Methoxsalen results in increased expression of SLC22A1 protein,,,PMID:22173200,https://www.ncbi.nlm.nih.gov/pubmed/22173200,22173200,,
80,312006,4114,Comparative Toxicogenomics Database (CTD),Methoxsalen,D008730,Methoxsalen,https://ctdbase.org/detail.go?type=chem&acc=D008730,6582,SLC22A2,https://ctdbase.org/detail.go?type=gene&acc=6582,,,6582,SLC22A2,10090,Mus musculus (house mouse),Methoxsalen results in decreased expression of SLC22A2 mrna|methoxsalen results in increased expression of SLC22A2 protein,,,PMID:22173200,https://www.ncbi.nlm.nih.gov/pubmed/22173200,22173200,,
81,312007,4114,Comparative Toxicogenomics Database (CTD),Methoxsalen,D008730,Methoxsalen,https://ctdbase.org/detail.go?type=chem&acc=D008730,6584,SLC22A5,https://ctdbase.org/detail.go?type=gene&acc=6584,,,6584,SLC22A5,10090,Mus musculus (house mouse),Methoxsalen results in increased expression of SLC22A5 protein,,,PMID:22173200,https://www.ncbi.nlm.nih.gov/pubmed/22173200,22173200,,
82,312008,4114,Comparative Toxicogenomics Database (CTD),Methoxsalen,D008730,Methoxsalen,https://ctdbase.org/detail.go?type=chem&acc=D008730,9356,SLC22A6,https://ctdbase.org/detail.go?type=gene&acc=9356,,,9356,SLC22A6,10090,Mus musculus (house mouse),Methoxsalen results in decreased expression of SLC22A6 protein,,,PMID:22173200,https://www.ncbi.nlm.nih.gov/pubmed/22173200,22173200,,
83,312182,4114,Comparative Toxicogenomics Database (CTD),Methoxsalen,D008730,Methoxsalen,https://ctdbase.org/detail.go?type=chem&acc=D008730,9376,SLC22A8,https://ctdbase.org/detail.go?type=gene&acc=9376,,,9376,SLC22A8,10090,Mus musculus (house mouse),Methoxsalen results in increased expression of SLC22A8 protein,,,PMID:22173200,https://www.ncbi.nlm.nih.gov/pubmed/22173200,22173200,,
84,312183,4114,Comparative Toxicogenomics Database (CTD),Methoxsalen,D008730,Methoxsalen,https://ctdbase.org/detail.go?type=chem&acc=D008730,56606,SLC2A9,https://ctdbase.org/detail.go?type=gene&acc=56606,,,56606,SLC2A9,10090,Mus musculus (house mouse),Methoxsalen results in decreased expression of SLC2A9 protein|methoxsalen results in increased expression of SLC2A9 mRNA,,,PMID:22173200,https://www.ncbi.nlm.nih.gov/pubmed/22173200,22173200,,
85,312184,4114,Comparative Toxicogenomics Database (CTD),Methoxsalen,D008730,Methoxsalen,https://ctdbase.org/detail.go?type=chem&acc=D008730,7124,TNF,https://ctdbase.org/detail.go?type=gene&acc=7124,,,7124,TNF,9606,Homo sapiens (human),Methoxsalen analog results in decreased expression of TNF protein,,,PMID:15052360,https://www.ncbi.nlm.nih.gov/pubmed/15052360,15052360,,
86,312185,4114,Comparative Toxicogenomics Database (CTD),Methoxsalen,D008730,Methoxsalen,https://ctdbase.org/detail.go?type=chem&acc=D008730,7157,TP53,https://ctdbase.org/detail.go?type=gene&acc=7157,,,7157,TP53,9606,Homo sapiens (human),Methoxsalen inhibits the reaction [aflatoxin G1 results in increased expression of TP53 protein modified form],,,PMID:23907605,https://www.ncbi.nlm.nih.gov/pubmed/23907605,23907605,,
87,312186,4114,Comparative Toxicogenomics Database (CTD),Methoxsalen,D008730,Methoxsalen,https://ctdbase.org/detail.go?type=chem&acc=D008730,7157,TP53,https://ctdbase.org/detail.go?type=gene&acc=7157,,,7157,TP53,9606,Homo sapiens (human),Methoxsalen results in increased expression of TP53 protein,,,PMID:22796345,https://www.ncbi.nlm.nih.gov/pubmed/22796345,22796345,,
88,312187,4114,Comparative Toxicogenomics Database (CTD),Methoxsalen,D008730,Methoxsalen,https://ctdbase.org/detail.go?type=chem&acc=D008730,7421,VDR,https://ctdbase.org/detail.go?type=gene&acc=7421,,,7421,VDR,9606,Homo sapiens (human),Methoxsalen results in increased expression of VDR mrna|methoxsalen results in increased expression of VDR protein|vdr protein affects the reaction [methoxsalen results in increased expression of NR0B2 protein]|methoxsalen affects the reaction [VDR protein affects the expression of CYP7A1 protein],,,PMID:30419252,https://www.ncbi.nlm.nih.gov/pubmed/30419252,30419252,,
89,312188,4114,Drug Gene Interaction database (DGIdb),Methoxsalen,,METHOXSALEN,https://www.dgidb.org/drugs/rxcui:6854,,CYP2A6,https://www.dgidb.org/genes/hgnc:2610,,,1548,CYP2A6,9606,Homo sapiens (human),,,,,,,,
90,337733,4114,Drug Gene Interaction database (DGIdb),Methoxsalen,,METHOXSALEN,https://www.dgidb.org/drugs/rxcui:6854,,CYP2A6,https://www.dgidb.org/genes/hgnc:2610,,,1548,CYP2A6,9606,Homo sapiens (human),,,,,,,,
91,377472,4114,Drug Gene Interaction database (DGIdb),Methoxsalen,,METHOXSALEN,https://www.dgidb.org/drugs/rxcui:6854,,TAC1,https://www.dgidb.org/genes/hgnc:11517,,,6863,TAC1,9606,Homo sapiens (human),,,,,,,,
92,381149,4114,DrugBank,Methoxsalen,DB00553,Methoxsalen,https://www.drugbank.ca/drugs/DB00553,BE0003543,Cytochrome P450 1A1,https://www.drugbank.ca/bio_entities/BE0003543,P04798,Cytochrome P450 1A1,1543,CYP1A1,9606,Homo sapiens (human),Inhibitor,,,PMID:8474022,https://www.ncbi.nlm.nih.gov/pubmed/8474022,8474022,,
93,381150,4114,DrugBank,Methoxsalen,DB00553,Methoxsalen,https://www.drugbank.ca/drugs/DB00553,BE0003534,Cytochrome P450 2A13,https://www.drugbank.ca/bio_entities/BE0003534,Q16696,Cytochrome P450 2A13,1553,CYP2A13,9606,Homo sapiens (human),Inhibitor,,,PMID:15579482,https://www.ncbi.nlm.nih.gov/pubmed/15579482,15579482,,
94,381356,4114,DrugBank,Methoxsalen,DB00553,Methoxsalen,https://www.drugbank.ca/drugs/DB00553,BE0003336,Cytochrome P450 2A6,https://www.drugbank.ca/bio_entities/BE0003336,P11509,Cytochrome P450 2A6,1548,CYP2A6,9606,Homo sapiens (human),Inhibitor,,,PMID:11353760|PMID:24859605|PMID:11678779|PMID:14633670,https://www.ncbi.nlm.nih.gov/pubmed/11353760|https://www.ncbi.nlm.nih.gov/pubmed/24859605|https://www.ncbi.nlm.nih.gov/pubmed/11678779|https://www.ncbi.nlm.nih.gov/pubmed/14633670,11353760|24859605|11678779|14633670,,
95,381357,4114,DrugBank,Methoxsalen,DB00553,Methoxsalen,https://www.drugbank.ca/drugs/DB00553,BE0002433,Cytochrome P450 1A2,https://www.drugbank.ca/bio_entities/BE0002433,P05177,Cytochrome P450 1A2,1544,CYP1A2,9606,Homo sapiens (human),Inhibitor,,,PMID:11353760,https://www.ncbi.nlm.nih.gov/pubmed/11353760,11353760,,
96,449939,4114,Drug Gene Interaction database (DGIdb),Methoxsalen,,METHOXSALEN,https://www.dgidb.org/drugs/rxcui:6854,,MAPK14,https://www.dgidb.org/genes/hgnc:6876,,,1432,MAPK14,9606,Homo sapiens (human),,,,,,,,
97,449940,4114,Therapeutic Target Database (TTD),Methoxsalen,D08SKH,Methoxsalen,https://idrblab.net/ttd/data/drug/details/D08SKH,T06455,Cytochrome P450 2A6 (CYP2A6),https://idrblab.net/ttd/data/target/details/T06455,P11509,Cytochrome P450 2A6,1548,CYP2A6,9606,Homo sapiens (human),Binder,,,,,,,
98,456799,4114,Drug Gene Interaction database (DGIdb),Methoxsalen,,METHOXSALEN,https://www.dgidb.org/drugs/rxcui:6854,,CYP1A2,https://www.dgidb.org/genes/hgnc:2596,,,1544,CYP1A2,9606,Homo sapiens (human),,,,,,,,
99,466215,4114,Toxin and Toxin Target Database (T3DB),Methoxsalen,T3D0836,Methoxsalen,http://www.t3db.ca/toxins/T3D0836,BE0000426,Acetylcholinesterase,http://www.t3db.ca/biodb/bio_entities/BE0000426,P22303,Acetylcholinesterase,43,ACHE,9606,Homo sapiens (human),,,,PMID:11374978,https://www.ncbi.nlm.nih.gov/pubmed/11374978,11374978,,
100,466216,4114,Toxin and Toxin Target Database (T3DB),Methoxsalen,T3D0836,Methoxsalen,http://www.t3db.ca/toxins/T3D0836,BE0002198,Amine oxidase [flavin-containing] A,http://www.t3db.ca/biodb/bio_entities/BE0002198,P21397,Amine oxidase [flavin-containing] A,4128,MAOA,9606,Homo sapiens (human),,,,PMID:16451079,https://www.ncbi.nlm.nih.gov/pubmed/16451079,16451079,,
101,466217,4114,Toxin and Toxin Target Database (T3DB),Methoxsalen,T3D0836,Methoxsalen,http://www.t3db.ca/toxins/T3D0836,BE0002793,Cytochrome P450 2C9,http://www.t3db.ca/biodb/bio_entities/BE0002793,P11712,Cytochrome P450 2C9 ,1559,CYP2C9,9606,Homo sapiens (human),,,,PMID:17995595,https://www.ncbi.nlm.nih.gov/pubmed/17995595,17995595,,
102,466218,4114,Toxin and Toxin Target Database (T3DB),Methoxsalen,T3D0836,Methoxsalen,http://www.t3db.ca/toxins/T3D0836,BE0002638,Cytochrome P450 3A4,http://www.t3db.ca/biodb/bio_entities/BE0002638,P08684,Cytochrome P450 3A4,1576,CYP3A4,9606,Homo sapiens (human),,,,PMID:17995595,https://www.ncbi.nlm.nih.gov/pubmed/17995595,17995595,,
103,466219,4114,Drug Gene Interaction database (DGIdb),Methoxsalen,,METHOXSALEN,https://www.dgidb.org/drugs/rxcui:6854,,CYP3A4,https://www.dgidb.org/genes/hgnc:2637,,,1576,CYP3A4,9606,Homo sapiens (human),,,,,,,,
104,466220,4114,Drug Gene Interaction database (DGIdb),Methoxsalen,,METHOXSALEN,https://www.dgidb.org/drugs/rxcui:6854,,CYP3A4,https://www.dgidb.org/genes/hgnc:2637,,,1576,CYP3A4,9606,Homo sapiens (human),,,,,,,,
105,466221,4114,Drug Gene Interaction database (DGIdb),Methoxsalen,,METHOXSALEN,https://www.dgidb.org/drugs/rxcui:6854,,ESR1,https://www.dgidb.org/genes/hgnc:3467,,,2099,ESR1,9606,Homo sapiens (human),,,,,,,,
106,466222,4114,Drug Gene Interaction database (DGIdb),Methoxsalen,,METHOXSALEN,https://www.dgidb.org/drugs/rxcui:6854,,FEN1,https://www.dgidb.org/genes/hgnc:3650,,,2237,FEN1,9606,Homo sapiens (human),,,,,,,,
107,495465,4114,IUPHAR/BPS Guide to PHARMACOLOGY,Methoxsalen,12457,methoxsalen,https://www.guidetopharmacology.org/GRAC/LigandDisplayForward?ligandId=12457,671,TAS2R20,https://guidetopharmacology.org/GRAC/ObjectDisplayForward?objectId=671,P59543,Taste receptor type 2 member 20,259295,TAS2R20,9606,Homo sapiens (human),Agonist,pEC50,4.92,PMID:26501253,https://www.ncbi.nlm.nih.gov/pubmed/26501253,26501253,,
108,495466,4114,Drug Gene Interaction database (DGIdb),Methoxsalen,,METHOXSALEN,https://www.dgidb.org/drugs/rxcui:6854,,CYP2D6,https://www.dgidb.org/genes/hgnc:2625,,,1565,CYP2D6,9606,Homo sapiens (human),,,,,,,,
